model,test_accuracy,test_f1,overfit_gap,recommended
Logistic Regression,0.875,0.8333333333333334,0.07581967213114749,Yes
Random Forest,0.5,0.6,0.38524590163934425,No
Best,0.875,0.8333333333333334,0.07581967213114749,Yes
